{
  "toxic": 0.4596308767795563,
  "insult": 0.4288865029811859,
  "profanity": 0.4403560161590576,
  "threat": 0.55,
  "identity hate": 0.5118075013160706,
  "very_toxic": 0.7
}